{"cameraMode":{"drawMode":0,"name":"Shaded","section":"Shading Mode"},"sceneLighting":true,"audioPlay":false,"sceneViewState":{"showFog":true,"showMaterialUpdate":false,"showSkybox":true,"showFlares":true,"showImageEffects":true,"showParticleSystems":true},"in2DMode":false,"pivot":{"x":8.932531356811524,"y":21.3106689453125,"z":-27.061603546142579},"rotation":{"x":0.42486080527305605,"y":-0.0934433862566948,"z":0.04408803954720497,"w":0.8993924260139465},"size":10.0,"orthographic":false}