{"cameraMode":{"drawMode":0,"name":"Shaded","section":"Shading Mode"},"sceneLighting":false,"audioPlay":false,"sceneViewState":{"showFog":true,"showMaterialUpdate":false,"showSkybox":true,"showFlares":true,"showImageEffects":true,"showParticleSystems":true},"in2DMode":false,"pivot":{"x":0.7610719203948975,"y":0.002992689609527588,"z":0.516703724861145},"rotation":{"x":-0.16194798052310944,"y":0.5525527596473694,"z":-0.1104603260755539,"w":-0.810096800327301},"size":4.127085208892822,"orthographic":false}