{"cameraMode":{"drawMode":0,"name":"Shaded","section":"Shading Mode"},"sceneLighting":false,"audioPlay":false,"sceneViewState":{"showFog":true,"showMaterialUpdate":false,"showSkybox":true,"showFlares":true,"showImageEffects":true,"showParticleSystems":true},"in2DMode":false,"pivot":{"x":2.4775731563568117,"y":-0.9033957719802856,"z":0.9748189449310303},"rotation":{"x":-0.188111811876297,"y":-0.5391438007354736,"z":0.12499729543924332,"w":-0.8113652467727661},"size":3.555962085723877,"orthographic":false}