{"cameraMode":{"drawMode":0,"name":"Shaded","section":"Shading Mode"},"sceneLighting":false,"audioPlay":false,"sceneViewState":{"showFog":true,"showMaterialUpdate":false,"showSkybox":true,"showFlares":true,"showImageEffects":true,"showParticleSystems":true},"in2DMode":false,"pivot":{"x":-2.127323627471924,"y":0.6754563450813294,"z":1.4896562099456788},"rotation":{"x":0.16877256333827973,"y":0.7787842750549316,"z":-0.2372426986694336,"w":0.5563529133796692},"size":3.311858892440796,"orthographic":false}