{"cameraMode":{"drawMode":0,"name":"Shaded","section":"Shading Mode"},"sceneLighting":false,"audioPlay":false,"sceneViewState":{"showFog":true,"showMaterialUpdate":false,"showSkybox":true,"showFlares":true,"showImageEffects":true,"showParticleSystems":true},"in2DMode":false,"pivot":{"x":0.14048518240451814,"y":-1.2105597257614136,"z":1.1330993175506592},"rotation":{"x":0.4519004821777344,"y":-0.02504493109881878,"z":0.01241222582757473,"w":0.8922489881515503},"size":3.5237109661102297,"orthographic":false}