{"cameraMode":{"drawMode":0,"name":"Shaded","section":"Shading Mode"},"sceneLighting":false,"audioPlay":false,"sceneViewState":{"showFog":true,"showMaterialUpdate":false,"showSkybox":true,"showFlares":true,"showImageEffects":true,"showParticleSystems":true},"in2DMode":false,"pivot":{"x":-40.38385009765625,"y":13.959478378295899,"z":21.752822875976564},"rotation":{"x":0.050384413450956348,"y":-0.7905639410018921,"z":-0.06995204836130142,"w":-0.6078060269355774},"size":7.633177280426025,"orthographic":false}