{"cameraMode":{"drawMode":0,"name":"Shaded","section":"Shading Mode"},"sceneLighting":false,"audioPlay":false,"sceneViewState":{"showFog":true,"showMaterialUpdate":false,"showSkybox":true,"showFlares":true,"showImageEffects":true,"showParticleSystems":true},"in2DMode":false,"pivot":{"x":0.5003456473350525,"y":-0.5072294473648071,"z":0.5662312507629395},"rotation":{"x":-0.35264888405799868,"y":0.32358473539352419,"z":-0.1363973170518875,"w":-0.8685678243637085},"size":1.3369473218917847,"orthographic":false}