{"cameraMode":{"drawMode":0,"name":"Shaded","section":"Shading Mode"},"sceneLighting":false,"audioPlay":false,"sceneViewState":{"showFog":true,"showMaterialUpdate":false,"showSkybox":true,"showFlares":true,"showImageEffects":true,"showParticleSystems":true},"in2DMode":false,"pivot":{"x":0.06863319873809815,"y":-0.7368158102035523,"z":0.5523103475570679},"rotation":{"x":0.5581518411636353,"y":0.0066703795455396179,"z":-0.0045366957783699039,"w":0.8303678035736084},"size":2.850116491317749,"orthographic":false}