{"cameraMode":{"drawMode":0,"name":"Shaded","section":"Shading Mode"},"sceneLighting":false,"audioPlay":false,"sceneViewState":{"showFog":true,"showMaterialUpdate":false,"showSkybox":true,"showFlares":true,"showImageEffects":true,"showParticleSystems":true},"in2DMode":false,"pivot":{"x":0.0,"y":0.41358399391174319,"z":3.6050000190734865},"rotation":{"x":0.016704346984624864,"y":0.8506362438201904,"z":-0.021799037232995034,"w":0.526835560798645},"size":6.450162887573242,"orthographic":false}