{"cameraMode":{"drawMode":0,"name":"Shaded","section":"Shading Mode"},"sceneLighting":false,"audioPlay":false,"sceneViewState":{"showFog":true,"showMaterialUpdate":false,"showSkybox":true,"showFlares":true,"showImageEffects":true,"showParticleSystems":true},"in2DMode":false,"pivot":{"x":0.0,"y":0.10565447807312012,"z":0.226577028632164},"rotation":{"x":0.016704346984624864,"y":0.8506362438201904,"z":-0.021799037232995034,"w":0.526835560798645},"size":3.32074236869812,"orthographic":false}