{"cameraMode":{"drawMode":0,"name":"Shaded","section":"Shading Mode"},"sceneLighting":false,"audioPlay":false,"sceneViewState":{"showFog":true,"showMaterialUpdate":false,"showSkybox":true,"showFlares":true,"showImageEffects":true,"showParticleSystems":true},"in2DMode":false,"pivot":{"x":-1.0327680110931397,"y":9.683981895446778,"z":7.797170639038086},"rotation":{"x":0.0011552366195246578,"y":-0.9918346405029297,"z":0.0636543408036232,"w":0.12002269178628922},"size":22.0,"orthographic":false}