{"cameraMode":{"drawMode":0,"name":"Shaded","section":"Shading Mode"},"sceneLighting":false,"audioPlay":false,"sceneViewState":{"showFog":true,"showMaterialUpdate":false,"showSkybox":true,"showFlares":true,"showImageEffects":true,"showParticleSystems":true},"in2DMode":false,"pivot":{"x":-0.7942460179328919,"y":-0.38605448603630068,"z":-2.5057313442230226},"rotation":{"x":0.023425493389368058,"y":-0.9686440229415894,"z":0.0963933989405632,"w":0.23018527030944825},"size":4.889256954193115,"orthographic":false}