{"cameraMode":{"drawMode":0,"name":"Shaded","section":"Shading Mode"},"sceneLighting":false,"audioPlay":false,"sceneViewState":{"showFog":true,"showMaterialUpdate":false,"showSkybox":true,"showFlares":true,"showImageEffects":true,"showParticleSystems":true},"in2DMode":false,"pivot":{"x":-0.2295851707458496,"y":0.006342887878417969,"z":0.26176929473876955},"rotation":{"x":0.12227571755647659,"y":0.7707943320274353,"z":-0.1509537398815155,"w":0.6083004474639893},"size":40.010372161865237,"orthographic":false}