{"cameraMode":{"drawMode":0,"name":"Shaded","section":"Shading Mode"},"sceneLighting":false,"audioPlay":false,"sceneViewState":{"showFog":true,"showMaterialUpdate":false,"showSkybox":true,"showFlares":true,"showImageEffects":true,"showParticleSystems":true},"in2DMode":false,"pivot":{"x":0.1440591663122177,"y":0.17979811131954194,"z":0.7813345789909363},"rotation":{"x":0.0781075581908226,"y":0.8797141313552856,"z":-0.14838439226150514,"w":0.4470764696598053},"size":2.400057077407837,"orthographic":false}