{"cameraMode":{"drawMode":0,"name":"Shaded","section":"Shading Mode"},"sceneLighting":false,"audioPlay":false,"sceneViewState":{"showFog":true,"showMaterialUpdate":false,"showSkybox":true,"showFlares":true,"showImageEffects":true,"showParticleSystems":true},"in2DMode":false,"pivot":{"x":0.21572794020175935,"y":0.03794068098068237,"z":1.0268292427062989},"rotation":{"x":-0.08072860538959503,"y":-0.008964098989963532,"z":0.0007252489449456334,"w":-0.9966955780982971},"size":1.3523404598236085,"orthographic":false}