{"cameraMode":{"drawMode":0,"name":"Shaded","section":"Shading Mode"},"sceneLighting":false,"audioPlay":false,"sceneViewState":{"showFog":true,"showMaterialUpdate":false,"showSkybox":true,"showFlares":true,"showImageEffects":true,"showParticleSystems":true},"in2DMode":false,"pivot":{"x":1.1134045124053956,"y":0.5357635617256165,"z":-0.3819703161716461},"rotation":{"x":-0.31293055415153506,"y":0.07540806382894516,"z":-0.02493337355554104,"w":-0.9464494585990906},"size":1.123711347579956,"orthographic":false}