{"cameraMode":{"drawMode":0,"name":"Shaded","section":"Shading Mode"},"sceneLighting":false,"audioPlay":false,"sceneViewState":{"showFog":true,"showMaterialUpdate":false,"showSkybox":true,"showFlares":true,"showImageEffects":true,"showParticleSystems":true},"in2DMode":false,"pivot":{"x":0.09515085071325302,"y":-1.1600059270858765,"z":0.9976857304573059},"rotation":{"x":0.43013694882392886,"y":0.027802592143416406,"z":-0.013256676495075226,"w":0.9022663831710815},"size":2.4247071743011476,"orthographic":false}