{"cameraMode":{"drawMode":0,"name":"Shaded","section":"Shading Mode"},"sceneLighting":false,"audioPlay":false,"sceneViewState":{"showFog":true,"showMaterialUpdate":false,"showSkybox":true,"showFlares":true,"showImageEffects":true,"showParticleSystems":true},"in2DMode":false,"pivot":{"x":-0.41588467359542849,"y":-0.051316697150468829,"z":0.11760492622852326},"rotation":{"x":-0.024830196052789689,"y":-0.7437368631362915,"z":-0.027670828625559808,"w":0.6674405932426453},"size":1.4968318939208985,"orthographic":false}