{"cameraMode":{"drawMode":0,"name":"Shaded","section":"Shading Mode"},"sceneLighting":false,"audioPlay":false,"sceneViewState":{"showFog":true,"showMaterialUpdate":false,"showSkybox":true,"showFlares":true,"showImageEffects":true,"showParticleSystems":true},"in2DMode":false,"pivot":{"x":0.03616245090961456,"y":-0.8369238376617432,"z":0.8347762823104858},"rotation":{"x":-0.47788435220718386,"y":-0.017040716484189035,"z":0.009269846603274346,"w":-0.8782106041908264},"size":2.432009220123291,"orthographic":false}