{"cameraMode":{"drawMode":0,"name":"Shaded","section":"Shading Mode"},"sceneLighting":false,"audioPlay":false,"sceneViewState":{"showFog":true,"showMaterialUpdate":false,"showSkybox":true,"showFlares":true,"showImageEffects":true,"showParticleSystems":true},"in2DMode":false,"pivot":{"x":-4.330508708953857,"y":-13.562032699584961,"z":46.9699592590332},"rotation":{"x":0.012349255383014679,"y":0.06239023804664612,"z":-0.0007301535806618631,"w":0.9980692863464356},"size":159.57516479492188,"orthographic":false}