{"cameraMode":{"drawMode":0,"name":"Shaded","section":"Shading Mode"},"sceneLighting":false,"audioPlay":false,"sceneViewState":{"showFog":true,"showMaterialUpdate":false,"showSkybox":true,"showFlares":true,"showImageEffects":true,"showParticleSystems":true},"in2DMode":false,"pivot":{"x":0.14009463787078858,"y":-0.04431735351681709,"z":0.3582495450973511},"rotation":{"x":-0.3956714868545532,"y":-0.014140662737190724,"z":0.006090904586017132,"w":-0.9182697534561157},"size":1.236480712890625,"orthographic":false}