{"cameraMode":{"drawMode":0,"name":"Shaded","section":"Shading Mode"},"sceneLighting":false,"audioPlay":false,"sceneViewState":{"showFog":true,"showMaterialUpdate":false,"showSkybox":true,"showFlares":true,"showImageEffects":true,"showParticleSystems":true},"in2DMode":false,"pivot":{"x":0.6123351454734802,"y":0.5312416553497315,"z":-1.7665705680847169},"rotation":{"x":-0.14518459141254426,"y":0.09117873013019562,"z":-0.013438152149319649,"w":-0.9851027131080627},"size":3.900056838989258,"orthographic":false}