{"cameraMode":{"drawMode":0,"name":"Shaded","section":"Shading Mode"},"sceneLighting":false,"audioPlay":false,"sceneViewState":{"showFog":true,"showMaterialUpdate":false,"showSkybox":true,"showFlares":true,"showImageEffects":true,"showParticleSystems":true},"in2DMode":false,"pivot":{"x":-0.07515887171030045,"y":-0.8146010637283325,"z":0.3852654695510864},"rotation":{"x":-0.5204141139984131,"y":0.004360632039606571,"z":-0.0026560307014733555,"w":-0.8539028763771057},"size":1.9356718063354493,"orthographic":false}