{"cameraMode":{"drawMode":0,"name":"Shaded","section":"Shading Mode"},"sceneLighting":false,"audioPlay":false,"sceneViewState":{"showFog":true,"showMaterialUpdate":false,"showSkybox":true,"showFlares":true,"showImageEffects":true,"showParticleSystems":true},"in2DMode":false,"pivot":{"x":0.30730074644088747,"y":-0.7644350528717041,"z":0.960305392742157},"rotation":{"x":-0.4018835127353668,"y":0.030214965343475343,"z":-0.01326966006308794,"w":-0.9150959849357605},"size":2.7525670528411867,"orthographic":false}