{"cameraMode":{"drawMode":0,"name":"Shaded","section":"Shading Mode"},"sceneLighting":false,"audioPlay":false,"sceneViewState":{"showFog":true,"showMaterialUpdate":false,"showSkybox":true,"showFlares":true,"showImageEffects":true,"showParticleSystems":true},"in2DMode":false,"pivot":{"x":0.3548939526081085,"y":-0.12775689363479615,"z":-2.1634137630462648},"rotation":{"x":0.00047979524242691696,"y":-0.9939104318618774,"z":0.004842512775212526,"w":0.1105007752776146},"size":4.459505081176758,"orthographic":false}