{"cameraMode":{"drawMode":0,"name":"Shaded","section":"Shading Mode"},"sceneLighting":false,"audioPlay":false,"sceneViewState":{"showFog":true,"showMaterialUpdate":false,"showSkybox":true,"showFlares":true,"showImageEffects":true,"showParticleSystems":true},"in2DMode":false,"pivot":{"x":0.7375805377960205,"y":0.4774557948112488,"z":1.3888130187988282},"rotation":{"x":0.19457507133483888,"y":0.42060020565986636,"z":-0.09291417896747589,"w":0.8813426494598389},"size":4.041658401489258,"orthographic":false}