{"cameraMode":{"drawMode":0,"name":"Shaded","section":"Shading Mode"},"sceneLighting":false,"audioPlay":false,"sceneViewState":{"showFog":true,"showMaterialUpdate":false,"showSkybox":true,"showFlares":true,"showImageEffects":true,"showParticleSystems":true},"in2DMode":false,"pivot":{"x":0.1450364589691162,"y":-1.7350493669509888,"z":2.3271584510803224},"rotation":{"x":-0.3529437780380249,"y":-0.023112552240490915,"z":0.008721287362277508,"w":-0.9353243112564087},"size":4.072787761688232,"orthographic":false}