{"cameraMode":{"drawMode":0,"name":"Shaded","section":"Shading Mode"},"sceneLighting":false,"audioPlay":false,"sceneViewState":{"showFog":true,"showMaterialUpdate":false,"showSkybox":true,"showFlares":true,"showImageEffects":true,"showParticleSystems":true},"in2DMode":false,"pivot":{"x":-0.08459137380123139,"y":0.19113467633724214,"z":-0.6641892194747925},"rotation":{"x":-0.13952164351940156,"y":-0.13520920276641847,"z":0.019234580919146539,"w":-0.9807568788528442},"size":0.5715767741203308,"orthographic":false}