{"cameraMode":{"drawMode":0,"name":"Shaded","section":"Shading Mode"},"sceneLighting":false,"audioPlay":false,"sceneViewState":{"showFog":true,"showMaterialUpdate":false,"showSkybox":true,"showFlares":true,"showImageEffects":true,"showParticleSystems":true},"in2DMode":false,"pivot":{"x":0.21316881477832795,"y":-0.4684702157974243,"z":0.9342271685600281},"rotation":{"x":-0.36318525671958926,"y":-0.023750800639390947,"z":0.00926141906529665,"w":-0.9313688278198242},"size":2.407022476196289,"orthographic":false}