{"cameraMode":{"drawMode":0,"name":"Shaded","section":"Shading Mode"},"sceneLighting":false,"audioPlay":false,"sceneViewState":{"showFog":true,"showMaterialUpdate":false,"showSkybox":true,"showFlares":true,"showImageEffects":true,"showParticleSystems":true},"in2DMode":false,"pivot":{"x":0.023042483255267144,"y":0.20159967243671418,"z":0.0013910603011026979},"rotation":{"x":-0.6410917639732361,"y":-0.024463830515742303,"z":0.020452484488487245,"w":-0.7668079137802124},"size":0.8452125787734985,"orthographic":false}