{"cameraMode":{"drawMode":0,"name":"Shaded","section":"Shading Mode"},"sceneLighting":false,"audioPlay":false,"sceneViewState":{"showFog":true,"showMaterialUpdate":false,"showSkybox":true,"showFlares":true,"showImageEffects":true,"showParticleSystems":true},"in2DMode":false,"pivot":{"x":2.0165483951568605,"y":2.2591607570648195,"z":2.4183597564697267},"rotation":{"x":0.008638964965939522,"y":0.373770147562027,"z":-0.003481161780655384,"w":0.9274746179580689},"size":21.705839157104493,"orthographic":false}