{"cameraMode":{"drawMode":0,"name":"Shaded","section":"Shading Mode"},"sceneLighting":false,"audioPlay":false,"sceneViewState":{"showFog":true,"showMaterialUpdate":false,"showSkybox":true,"showFlares":true,"showImageEffects":true,"showParticleSystems":true},"in2DMode":false,"pivot":{"x":-0.8036041855812073,"y":0.6055465340614319,"z":1.1748923063278199},"rotation":{"x":0.05975833535194397,"y":0.9351657629013062,"z":-0.1913284957408905,"w":0.2920544743537903},"size":0.00005715767838410102,"orthographic":false}