{"cameraMode":{"drawMode":0,"name":"Shaded","section":"Shading Mode"},"sceneLighting":false,"audioPlay":false,"sceneViewState":{"showFog":true,"showMaterialUpdate":false,"showSkybox":true,"showFlares":true,"showImageEffects":true,"showParticleSystems":true},"in2DMode":false,"pivot":{"x":0.09222035109996796,"y":0.37854695320129397,"z":-0.0029647741466760637},"rotation":{"x":0.512647807598114,"y":0.0852997750043869,"z":-0.05031615123152733,"w":0.8533844351768494},"size":0.06572020053863526,"orthographic":false}