{"cameraMode":{"drawMode":0,"name":"Shaded","section":"Shading Mode"},"sceneLighting":false,"audioPlay":false,"sceneViewState":{"showFog":true,"showMaterialUpdate":false,"showSkybox":true,"showFlares":true,"showImageEffects":true,"showParticleSystems":true},"in2DMode":false,"pivot":{"x":-0.3155379295349121,"y":-0.07728385925292969,"z":0.9976832866668701},"rotation":{"x":-0.07594923675060272,"y":0.7533291578292847,"z":-0.08839880675077439,"w":-0.6472344994544983},"size":7.535036563873291,"orthographic":false}