{"cameraMode":{"drawMode":0,"name":"Shaded","section":"Shading Mode"},"sceneLighting":false,"audioPlay":false,"sceneViewState":{"showFog":true,"showMaterialUpdate":false,"showSkybox":true,"showFlares":true,"showImageEffects":true,"showParticleSystems":true},"in2DMode":false,"pivot":{"x":24.628311157226564,"y":15.521343231201172,"z":39.241249084472659},"rotation":{"x":-0.10099118947982788,"y":0.8594639301300049,"z":-0.18663500249385835,"w":-0.4650699198246002},"size":4.041658401489258,"orthographic":false}