{"cameraMode":{"drawMode":0,"name":"Shaded","section":"Shading Mode"},"sceneLighting":false,"audioPlay":false,"sceneViewState":{"showFog":true,"showMaterialUpdate":false,"showSkybox":true,"showFlares":true,"showImageEffects":true,"showParticleSystems":true},"in2DMode":false,"pivot":{"x":-12.927316665649414,"y":0.08376899361610413,"z":-0.13810157775878907},"rotation":{"x":0.2763575315475464,"y":-0.64363694190979,"z":0.2695792019367218,"w":0.6610121726989746},"size":15.131999969482422,"orthographic":false}