{"cameraMode":{"drawMode":0,"name":"Shaded","section":"Shading Mode"},"sceneLighting":true,"audioPlay":false,"sceneViewState":{"showFog":true,"showMaterialUpdate":false,"showSkybox":true,"showFlares":true,"showImageEffects":true,"showParticleSystems":true},"in2DMode":false,"pivot":{"x":43.62401580810547,"y":37.41682815551758,"z":-64.32511901855469},"rotation":{"x":0.06967313587665558,"y":-0.9202944040298462,"z":0.19059406220912934,"w":0.33508574962615969},"size":1.73868989944458,"orthographic":false}