{"cameraMode":{"drawMode":0,"name":"Shaded","section":"Shading Mode"},"sceneLighting":false,"audioPlay":false,"sceneViewState":{"showFog":true,"showMaterialUpdate":false,"showSkybox":true,"showFlares":true,"showImageEffects":true,"showParticleSystems":true},"in2DMode":false,"pivot":{"x":-14.387850761413575,"y":-3.3733022212982179,"z":-4.516386985778809},"rotation":{"x":-0.015675844624638559,"y":0.9679542779922485,"z":-0.24484218657016755,"w":-0.058239247649908069},"size":15.000845909118653,"orthographic":false}