{"cameraMode":{"drawMode":0,"name":"Shaded","section":"Shading Mode"},"sceneLighting":false,"audioPlay":false,"sceneViewState":{"showFog":true,"showMaterialUpdate":false,"showSkybox":true,"showFlares":true,"showImageEffects":true,"showParticleSystems":true},"in2DMode":false,"pivot":{"x":27.702796936035158,"y":-4.959750175476074,"z":-42.304996490478519},"rotation":{"x":-0.3518306016921997,"y":-0.6189382076263428,"z":0.36127951741218569,"w":-0.6029011011123657},"size":227.6645050048828,"orthographic":false}