{"cameraMode":{"drawMode":0,"name":"Shaded","section":"Shading Mode"},"sceneLighting":false,"audioPlay":false,"sceneViewState":{"showFog":true,"showMaterialUpdate":false,"showSkybox":true,"showFlares":true,"showImageEffects":true,"showParticleSystems":true},"in2DMode":false,"pivot":{"x":-56.82763671875,"y":-13.883338928222657,"z":153.75247192382813},"rotation":{"x":0.10355430841445923,"y":0.04471574351191521,"z":-0.004738692194223404,"w":0.9940670728683472},"size":140.8043212890625,"orthographic":false}