{"cameraMode":{"drawMode":0,"name":"Shaded","section":"Shading Mode"},"sceneLighting":true,"audioPlay":false,"sceneViewState":{"showFog":true,"showMaterialUpdate":false,"showSkybox":true,"showFlares":true,"showImageEffects":true,"showParticleSystems":true},"in2DMode":false,"pivot":{"x":-2.178210735321045,"y":-3.092928409576416,"z":0.06375408172607422},"rotation":{"x":0.045098524540662768,"y":-0.9533247947692871,"z":0.1812022179365158,"w":0.2372840940952301},"size":13.727340698242188,"orthographic":false}