{"cameraMode":{"drawMode":0,"name":"Shaded","section":"Shading Mode"},"sceneLighting":false,"audioPlay":false,"sceneViewState":{"showFog":true,"showMaterialUpdate":false,"showSkybox":true,"showFlares":true,"showImageEffects":true,"showParticleSystems":true},"in2DMode":false,"pivot":{"x":0.09237581491470337,"y":-0.10116258263587952,"z":1.1279505491256714},"rotation":{"x":0.06249462813138962,"y":0.9074682593345642,"z":-0.14580880105495454,"w":0.3890186846256256},"size":0.8901636004447937,"orthographic":false}