{"cameraMode":{"drawMode":0,"name":"Shaded","section":"Shading Mode"},"sceneLighting":true,"audioPlay":false,"sceneViewState":{"showFog":true,"showMaterialUpdate":false,"showSkybox":true,"showFlares":true,"showImageEffects":true,"showParticleSystems":true},"in2DMode":false,"pivot":{"x":0.8136228919029236,"y":1.8978780508041382,"z":-2.1201651096343996},"rotation":{"x":-0.2393513321876526,"y":0.029400445520877839,"z":-0.007240885403007269,"w":-0.970460832118988},"size":4.2498779296875,"orthographic":false}