{"cameraMode":{"drawMode":0,"name":"Shaded","section":"Shading Mode"},"sceneLighting":false,"audioPlay":false,"sceneViewState":{"showFog":true,"showMaterialUpdate":false,"showSkybox":true,"showFlares":true,"showImageEffects":true,"showParticleSystems":true},"in2DMode":false,"pivot":{"x":0.31748056411743166,"y":0.1630040854215622,"z":0.5579572916030884},"rotation":{"x":-0.08555998653173447,"y":0.7996287941932678,"z":-0.11742998659610748,"w":-0.5826521515846252},"size":4.041658401489258,"orthographic":false}