{"cameraMode":{"drawMode":0,"name":"Shaded","section":"Shading Mode"},"sceneLighting":false,"audioPlay":false,"sceneViewState":{"showFog":true,"showMaterialUpdate":false,"showSkybox":true,"showFlares":true,"showImageEffects":true,"showParticleSystems":true},"in2DMode":false,"pivot":{"x":-0.6721653938293457,"y":-0.3058232069015503,"z":1.5918779373168946},"rotation":{"x":0.02487974613904953,"y":0.9694090485572815,"z":-0.21760250627994538,"w":0.11079813539981842},"size":9.973978042602539,"orthographic":false}