{"cameraMode":{"drawMode":0,"name":"Shaded","section":"Shading Mode"},"sceneLighting":false,"audioPlay":false,"sceneViewState":{"showFog":true,"showMaterialUpdate":false,"showSkybox":true,"showFlares":true,"showImageEffects":true,"showParticleSystems":true},"in2DMode":false,"pivot":{"x":0.1609683334827423,"y":-0.1783328652381897,"z":0.9728002548217773},"rotation":{"x":-0.16258300840854646,"y":0.011846303939819336,"z":-0.001952941296622157,"w":-0.9866218566894531},"size":1.3523404598236085,"orthographic":false}