{"cameraMode":{"drawMode":0,"name":"Shaded","section":"Shading Mode"},"sceneLighting":false,"audioPlay":false,"sceneViewState":{"showFog":true,"showMaterialUpdate":false,"showSkybox":true,"showFlares":true,"showImageEffects":true,"showParticleSystems":true},"in2DMode":false,"pivot":{"x":0.01650334894657135,"y":-1.0027467012405396,"z":2.62807559967041},"rotation":{"x":-0.20677067339420319,"y":0.020550649613142015,"z":-0.004344957415014505,"w":-0.9781639575958252},"size":3.555962085723877,"orthographic":false}