{"cameraMode":{"drawMode":0,"name":"Shaded","section":"Shading Mode"},"sceneLighting":false,"audioPlay":false,"sceneViewState":{"showFog":true,"showMaterialUpdate":false,"showSkybox":true,"showFlares":true,"showImageEffects":true,"showParticleSystems":true},"in2DMode":false,"pivot":{"x":0.11951944231987,"y":0.28040802478790285,"z":1.8994563817977906},"rotation":{"x":-0.047327060252428058,"y":0.14037901163101197,"z":-0.00671882089227438,"w":-0.9889432787895203},"size":4.889256954193115,"orthographic":false}