{"cameraMode":{"drawMode":0,"name":"Shaded","section":"Shading Mode"},"sceneLighting":false,"audioPlay":false,"sceneViewState":{"showFog":true,"showMaterialUpdate":false,"showSkybox":true,"showFlares":true,"showImageEffects":true,"showParticleSystems":true},"in2DMode":false,"pivot":{"x":1.754386305809021,"y":0.5576812624931336,"z":0.14373379945755006},"rotation":{"x":0.24711406230926515,"y":-0.6430603861808777,"z":0.23132474720478059,"w":0.6869475841522217},"size":1.4968318939208985,"orthographic":false}