{"cameraMode":{"drawMode":0,"name":"Shaded","section":"Shading Mode"},"sceneLighting":false,"audioPlay":false,"sceneViewState":{"showFog":true,"showMaterialUpdate":false,"showSkybox":true,"showFlares":true,"showImageEffects":true,"showParticleSystems":true},"in2DMode":false,"pivot":{"x":0.10568580031394959,"y":-1.3578234910964966,"z":1.6143532991409302},"rotation":{"x":-0.38744425773620608,"y":0.0435754768550396,"z":-0.018337948247790338,"w":-0.9206801056861877},"size":4.072787761688232,"orthographic":false}