{"cameraMode":{"drawMode":0,"name":"Shaded","section":"Shading Mode"},"sceneLighting":false,"audioPlay":false,"sceneViewState":{"showFog":true,"showMaterialUpdate":false,"showSkybox":true,"showFlares":true,"showImageEffects":true,"showParticleSystems":true},"in2DMode":false,"pivot":{"x":0.7480670809745789,"y":-0.6531328558921814,"z":1.4301396608352662},"rotation":{"x":-0.2418898195028305,"y":-0.2174462378025055,"z":0.05571650713682175,"w":-0.9439820647239685},"size":2.432009220123291,"orthographic":false}