{"cameraMode":{"drawMode":0,"name":"Shaded","section":"Shading Mode"},"sceneLighting":false,"audioPlay":false,"sceneViewState":{"showFog":true,"showMaterialUpdate":false,"showSkybox":true,"showFlares":true,"showImageEffects":true,"showParticleSystems":true},"in2DMode":false,"pivot":{"x":0.7362592220306397,"y":1.1114568710327149,"z":-0.0242496058344841},"rotation":{"x":-0.3676729202270508,"y":0.4048539996147156,"z":-0.18216386437416078,"w":-0.8171451687812805},"size":1.9416587352752686,"orthographic":false}