{"cameraMode":{"drawMode":0,"name":"Shaded","section":"Shading Mode"},"sceneLighting":false,"audioPlay":false,"sceneViewState":{"showFog":true,"showMaterialUpdate":false,"showSkybox":true,"showFlares":true,"showImageEffects":true,"showParticleSystems":true},"in2DMode":false,"pivot":{"x":-35.0942497253418,"y":-10.23292350769043,"z":-11.97589111328125},"rotation":{"x":-0.07732196152210236,"y":0.8062543869018555,"z":-0.10814790427684784,"w":-0.5764366984367371},"size":40.010372161865237,"orthographic":false}