{"cameraMode":{"drawMode":0,"name":"Shaded","section":"Shading Mode"},"sceneLighting":false,"audioPlay":false,"sceneViewState":{"showFog":true,"showMaterialUpdate":false,"showSkybox":true,"showFlares":true,"showImageEffects":true,"showParticleSystems":true},"in2DMode":false,"pivot":{"x":-1.419313669204712,"y":-0.5347973704338074,"z":-0.08198332786560059},"rotation":{"x":-0.10911102592945099,"y":0.8103933930397034,"z":-0.1599021703004837,"w":-0.5529816150665283},"size":2.7525670528411867,"orthographic":false}