{"cameraMode":{"drawMode":0,"name":"Shaded","section":"Shading Mode"},"sceneLighting":false,"audioPlay":false,"sceneViewState":{"showFog":true,"showMaterialUpdate":false,"showSkybox":true,"showFlares":true,"showImageEffects":true,"showParticleSystems":true},"in2DMode":false,"pivot":{"x":1.446469783782959,"y":0.5013580322265625,"z":1.7002849578857422},"rotation":{"x":-0.1711801290512085,"y":-0.23731935024261475,"z":0.042525697499513629,"w":-0.9552845358848572},"size":4.041658401489258,"orthographic":false}