{"cameraMode":{"drawMode":0,"name":"Shaded","section":"Shading Mode"},"sceneLighting":false,"audioPlay":false,"sceneViewState":{"showFog":true,"showMaterialUpdate":false,"showSkybox":true,"showFlares":true,"showImageEffects":true,"showParticleSystems":true},"in2DMode":false,"pivot":{"x":-1.5753848552703858,"y":-0.527691662311554,"z":-0.3266669809818268},"rotation":{"x":-0.12333579361438751,"y":0.7690579891204834,"z":-0.15615735948085786,"w":-0.6074150204658508},"size":2.2727878093719484,"orthographic":false}