{"cameraMode":{"drawMode":0,"name":"Shaded","section":"Shading Mode"},"sceneLighting":false,"audioPlay":false,"sceneViewState":{"showFog":true,"showMaterialUpdate":false,"showSkybox":true,"showFlares":true,"showImageEffects":true,"showParticleSystems":true},"in2DMode":false,"pivot":{"x":0.21804551780223847,"y":-0.7290122509002686,"z":1.0237877368927003},"rotation":{"x":0.4348023235797882,"y":0.011529756709933281,"z":-0.005570641253143549,"w":0.9004349112510681},"size":2.4247071743011476,"orthographic":false}