{"cameraMode":{"drawMode":0,"name":"Shaded","section":"Shading Mode"},"sceneLighting":false,"audioPlay":false,"sceneViewState":{"showFog":true,"showMaterialUpdate":false,"showSkybox":true,"showFlares":true,"showImageEffects":true,"showParticleSystems":true},"in2DMode":false,"pivot":{"x":-0.842737078666687,"y":0.36826765537261965,"z":0.11482709646224976},"rotation":{"x":-0.028579458594322206,"y":-0.8395856618881226,"z":0.044383253902196887,"w":-0.5406563878059387},"size":1.4968318939208985,"orthographic":false}