{"cameraMode":{"drawMode":0,"name":"Shaded","section":"Shading Mode"},"sceneLighting":true,"audioPlay":false,"sceneViewState":{"showFog":true,"showMaterialUpdate":false,"showSkybox":true,"showFlares":true,"showImageEffects":true,"showParticleSystems":true},"in2DMode":false,"pivot":{"x":-2.914832592010498,"y":-11.118714332580567,"z":30.50131607055664},"rotation":{"x":-0.214473158121109,"y":0.043917570263147357,"z":-0.009648876264691353,"w":-0.9757005572319031},"size":36.34528350830078,"orthographic":false}