{"cameraMode":{"drawMode":0,"name":"Shaded","section":"Shading Mode"},"sceneLighting":false,"audioPlay":false,"sceneViewState":{"showFog":true,"showMaterialUpdate":false,"showSkybox":true,"showFlares":true,"showImageEffects":true,"showParticleSystems":true},"in2DMode":false,"pivot":{"x":8.676072120666504,"y":-9.609773635864258,"z":3.5568325519561769},"rotation":{"x":0.3049704432487488,"y":0.6036205291748047,"z":-0.2683379352092743,"w":0.6860248446464539},"size":19.118797302246095,"orthographic":false}