{"cameraMode":{"drawMode":0,"name":"Shaded","section":"Shading Mode"},"sceneLighting":false,"audioPlay":false,"sceneViewState":{"showFog":true,"showMaterialUpdate":false,"showSkybox":true,"showFlares":true,"showImageEffects":true,"showParticleSystems":true},"in2DMode":false,"pivot":{"x":-0.08882293105125427,"y":-0.017856121063232423,"z":1.3063262701034547},"rotation":{"x":-0.10150289535522461,"y":0.05071854963898659,"z":-0.005181755404919386,"w":-0.9935280680656433},"size":2.407022476196289,"orthographic":false}