{"cameraMode":{"drawMode":0,"name":"Shaded","section":"Shading Mode"},"sceneLighting":false,"audioPlay":false,"sceneViewState":{"showFog":true,"showMaterialUpdate":false,"showSkybox":true,"showFlares":true,"showImageEffects":true,"showParticleSystems":true},"in2DMode":false,"pivot":{"x":-0.5961905121803284,"y":0.35934117436408999,"z":0.4615209400653839},"rotation":{"x":-0.026528475806117059,"y":-0.8783066272735596,"z":0.049072761088609698,"w":-0.4748321771621704},"size":1.4968318939208985,"orthographic":false}