{"cameraMode":{"drawMode":0,"name":"Shaded","section":"Shading Mode"},"sceneLighting":false,"audioPlay":false,"sceneViewState":{"showFog":true,"showMaterialUpdate":false,"showSkybox":true,"showFlares":true,"showImageEffects":true,"showParticleSystems":true},"in2DMode":false,"pivot":{"x":-1.4414013624191285,"y":-0.508686363697052,"z":-1.5189199447631837},"rotation":{"x":-0.05693482235074043,"y":0.8815991878509522,"z":-0.11020725220441818,"w":-0.45540720224380495},"size":4.459505081176758,"orthographic":false}