{"cameraMode":{"drawMode":0,"name":"Shaded","section":"Shading Mode"},"sceneLighting":false,"audioPlay":false,"sceneViewState":{"showFog":true,"showMaterialUpdate":false,"showSkybox":true,"showFlares":true,"showImageEffects":true,"showParticleSystems":true},"in2DMode":false,"pivot":{"x":-0.8566740155220032,"y":1.1906156539916993,"z":-1.9344067573547364},"rotation":{"x":-0.13444772362709046,"y":-0.23397068679332734,"z":0.03268761560320854,"w":-0.962347686290741},"size":0.00005715767838410102,"orthographic":false}