{"cameraMode":{"drawMode":0,"name":"Shaded","section":"Shading Mode"},"sceneLighting":false,"audioPlay":false,"sceneViewState":{"showFog":true,"showMaterialUpdate":false,"showSkybox":true,"showFlares":true,"showImageEffects":true,"showParticleSystems":true},"in2DMode":false,"pivot":{"x":5.179006576538086,"y":3.729055643081665,"z":7.312403678894043},"rotation":{"x":-0.0728413388133049,"y":0.9163030385971069,"z":-0.19512127339839936,"w":-0.34206828474998476},"size":0.00005715767838410102,"orthographic":false}