{"cameraMode":{"drawMode":0,"name":"Shaded","section":"Shading Mode"},"sceneLighting":false,"audioPlay":false,"sceneViewState":{"showFog":true,"showMaterialUpdate":false,"showSkybox":true,"showFlares":true,"showImageEffects":true,"showParticleSystems":true},"in2DMode":false,"pivot":{"x":0.3736415207386017,"y":-1.097068428993225,"z":1.013813853263855},"rotation":{"x":-0.42655113339424136,"y":-0.02169790491461754,"z":0.010236349888145924,"w":-0.9041452407836914},"size":2.7525670528411867,"orthographic":false}