{"cameraMode":{"drawMode":0,"name":"Shaded","section":"Shading Mode"},"sceneLighting":false,"audioPlay":false,"sceneViewState":{"showFog":true,"showMaterialUpdate":false,"showSkybox":true,"showFlares":true,"showImageEffects":true,"showParticleSystems":true},"in2DMode":false,"pivot":{"x":-1.739656686782837,"y":-0.21643134951591493,"z":0.7519575953483582},"rotation":{"x":-0.06596888601779938,"y":0.727582573890686,"z":-0.07067066431045532,"w":-0.67917400598526},"size":2.2727878093719484,"orthographic":false}