{"cameraMode":{"drawMode":0,"name":"Shaded","section":"Shading Mode"},"sceneLighting":true,"audioPlay":false,"sceneViewState":{"showFog":true,"showMaterialUpdate":false,"showSkybox":true,"showFlares":true,"showImageEffects":true,"showParticleSystems":true},"in2DMode":false,"pivot":{"x":440.774658203125,"y":253.78001403808595,"z":-35.018978118896487},"rotation":{"x":0.133159801363945,"y":-0.10476190596818924,"z":0.01415538415312767,"w":0.9854405522346497},"size":453.58343505859377,"orthographic":false}