{"cameraMode":{"drawMode":0,"name":"Shaded","section":"Shading Mode"},"sceneLighting":false,"audioPlay":false,"sceneViewState":{"showFog":true,"showMaterialUpdate":false,"showSkybox":true,"showFlares":true,"showImageEffects":true,"showParticleSystems":true},"in2DMode":false,"pivot":{"x":0.12428076565265656,"y":0.022282373160123826,"z":0.12023503333330155},"rotation":{"x":0.07152629643678665,"y":0.04447852075099945,"z":0.003192307660356164,"w":-0.9964414238929749},"size":0.8452125787734985,"orthographic":false}