{"cameraMode":{"drawMode":0,"name":"Shaded","section":"Shading Mode"},"sceneLighting":false,"audioPlay":false,"sceneViewState":{"showFog":true,"showMaterialUpdate":false,"showSkybox":true,"showFlares":true,"showImageEffects":true,"showParticleSystems":true},"in2DMode":false,"pivot":{"x":0.13919693231582642,"y":0.5513660311698914,"z":-0.22367745637893678},"rotation":{"x":-0.012322601862251759,"y":0.06255726516246796,"z":-0.0007745633483864367,"w":-0.9979650378227234},"size":0.6364806890487671,"orthographic":false}