{"cameraMode":{"drawMode":0,"name":"Shaded","section":"Shading Mode"},"sceneLighting":false,"audioPlay":false,"sceneViewState":{"showFog":true,"showMaterialUpdate":false,"showSkybox":true,"showFlares":true,"showImageEffects":true,"showParticleSystems":true},"in2DMode":false,"pivot":{"x":-0.07040607929229737,"y":-2.3585762977600099,"z":2.6487433910369875},"rotation":{"x":-0.3608185052871704,"y":0.05525311455130577,"z":-0.021419992670416833,"w":-0.9307515025138855},"size":4.072787761688232,"orthographic":false}