{"cameraMode":{"drawMode":0,"name":"Shaded","section":"Shading Mode"},"sceneLighting":true,"audioPlay":false,"sceneViewState":{"showFog":true,"showMaterialUpdate":false,"showSkybox":true,"showFlares":true,"showImageEffects":true,"showParticleSystems":true},"in2DMode":false,"pivot":{"x":-22.887191772460939,"y":-12.412606239318848,"z":-14.921590805053711},"rotation":{"x":-0.10099118947982788,"y":0.8594639301300049,"z":-0.18663500249385835,"w":-0.4650699198246002},"size":30.7829532623291,"orthographic":false}