{"cameraMode":{"drawMode":0,"name":"Shaded","section":"Shading Mode"},"sceneLighting":false,"audioPlay":false,"sceneViewState":{"showFog":true,"showMaterialUpdate":false,"showSkybox":true,"showFlares":true,"showImageEffects":true,"showParticleSystems":true},"in2DMode":false,"pivot":{"x":-0.08399606496095658,"y":-0.20315423607826234,"z":0.3364255130290985},"rotation":{"x":-0.44021284580230715,"y":0.004585054703056812,"z":-0.0022464790381491186,"w":-0.8978789448738098},"size":1.9356718063354493,"orthographic":false}