{"cameraMode":{"drawMode":0,"name":"Shaded","section":"Shading Mode"},"sceneLighting":false,"audioPlay":false,"sceneViewState":{"showFog":true,"showMaterialUpdate":false,"showSkybox":true,"showFlares":true,"showImageEffects":true,"showParticleSystems":true},"in2DMode":false,"pivot":{"x":-0.3257775902748108,"y":-0.41120290756225588,"z":0.15440188348293305},"rotation":{"x":-0.3446924686431885,"y":0.6193835139274597,"z":-0.34795472025871279,"w":-0.6135785579681397},"size":0.8452125787734985,"orthographic":false}