{"cameraMode":{"drawMode":0,"name":"Shaded","section":"Shading Mode"},"sceneLighting":true,"audioPlay":false,"sceneViewState":{"showFog":true,"showMaterialUpdate":false,"showSkybox":true,"showFlares":true,"showImageEffects":true,"showParticleSystems":true},"in2DMode":false,"pivot":{"x":-36.4387092590332,"y":-9.559453964233399,"z":4.538348197937012},"rotation":{"x":-0.09448190778493881,"y":0.6659292578697205,"z":-0.08559907227754593,"w":-0.7350402474403381},"size":40.010372161865237,"orthographic":false}