{"cameraMode":{"drawMode":0,"name":"Shaded","section":"Shading Mode"},"sceneLighting":false,"audioPlay":false,"sceneViewState":{"showFog":true,"showMaterialUpdate":false,"showSkybox":true,"showFlares":true,"showImageEffects":true,"showParticleSystems":true},"in2DMode":false,"pivot":{"x":492.6092834472656,"y":166.5631103515625,"z":-225.9737091064453},"rotation":{"x":0.0013144509866833687,"y":0.998467206954956,"z":0.04815341904759407,"w":-0.027255935594439508},"size":980.564453125,"orthographic":false}