{"cameraMode":{"drawMode":0,"name":"Shaded","section":"Shading Mode"},"sceneLighting":false,"audioPlay":false,"sceneViewState":{"showFog":true,"showMaterialUpdate":false,"showSkybox":true,"showFlares":true,"showImageEffects":true,"showParticleSystems":true},"in2DMode":false,"pivot":{"x":-2.277167320251465,"y":0.6468508839607239,"z":0.3178902864456177},"rotation":{"x":-0.06841706484556198,"y":0.8074898719787598,"z":-0.09557275474071503,"w":-0.5780528783798218},"size":4.041658401489258,"orthographic":false}